Model,F1 Score,Accuracy,Precision,Recall
Z-Score,0.5072463768115942,0.864,0.33980582524271846,1.0
Isolation Forest,0.08333333333333334,0.868,0.08108108108108109,0.08571428571428572
Autoencoder,0.13084112149532712,0.07,0.07,1.0
Ensemble,0.42424242424242425,0.81,0.2692307692307692,1.0
