Threshold,Precision,Recall,F1 Score,Accuracy
0.3,0.4148936170212766,1.0,0.5864661654135339,0.89
0.4,0.4148936170212766,1.0,0.5864661654135339,0.89
0.5,0.48148148148148145,1.0,0.65,0.916
0.6,0.5625,1.0,0.72,0.9393333333333334
0.7,0.5625,1.0,0.72,0.9393333333333334
0.8,0.45588235294117646,0.26495726495726496,0.33513513513513515,0.918
0.9,0.45588235294117646,0.26495726495726496,0.33513513513513515,0.918
